"","riskAllele","mappedGenes","pValue","accessionId","disease"
"1","rs7118149-A","LUZP2",9e-06,"GCST90027271","SUD"
"2","rs56372821-G","GULOP",9e-12,"GCST008414","SUD"
"3","rs6914422-?","GGNBP1",5e-19,"GCST90011734","SUD"
"4","rs9380371-?","GGNBP1",5e-19,"GCST90011734","SUD"
"5","rs7080386-?","JMJD1C",5e-14,"GCST90011734","SUD"
"6","rs10761731-?","JMJD1C",2e-13,"GCST90011734","SUD"
"7","rs7080386-?","JMJD1C",1e-07,"GCST90011735","SUD"
"8","rs6914422-?","GGNBP1",6e-14,"GCST90011735","SUD"
"9","rs9380371-?","GGNBP1",8e-14,"GCST90011735","SUD"
"10","rs10761731-?","JMJD1C",1e-07,"GCST90011735","SUD"
"11","rs9380371-?","GGNBP1",1e-15,"GCST90011736","SUD"
"12","rs6914422-?","GGNBP1",2e-15,"GCST90011736","SUD"
"13","rs10761731-?","JMJD1C",1e-10,"GCST90011736","SUD"
"14","rs7080386-?","JMJD1C",2e-10,"GCST90011736","SUD"
"15","rs4659805-G","RYR2",2e-12,"GCST90061435","SUD"
"16","rs13418451-C","LINC01830",8e-11,"GCST90061435","SUD"
"17","rs1653771-G","KLHL29",4e-09,"GCST90061435","SUD"
"18","rs176413-G","BIRC6",4e-18,"GCST90061435","SUD"
"19","rs759362-T","SLC8A1-AS1",2e-08,"GCST90061435","SUD"
"20","rs1004787-G","LINC01833",1e-32,"GCST90061435","SUD"
"21","rs10490159-C","NRXN1",1e-12,"GCST90061435","SUD"
"22","rs72808453-A","VRK2",4e-08,"GCST90061435","SUD"
"23","rs10490091-A","LINC01122",5e-13,"GCST90061435","SUD"
"24","rs10184550-G","BCL11A",4e-12,"GCST90061435","SUD"
"25","rs371708617-G","WDPCP",8e-13,"GCST90061435","SUD"
"26","rs2421552-C","ALMS1",2e-09,"GCST90061435","SUD"
"27","rs828867-G","TET3",4e-15,"GCST90061435","SUD"
"28","rs6750737-G","LRRTM4",9e-09,"GCST90061435","SUD"
"29","rs1897784-C","CTNNA2",5e-09,"GCST90061435","SUD"
"30","rs55803020-C","CTNNA2",8e-14,"GCST90061435","SUD"
"31","rs72819186-C","AFF3",5e-14,"GCST90061435","SUD"
"32","rs12621166-C","LINC01965",2e-13,"GCST90061435","SUD"
"33","rs780024-T","CNTNAP5",8e-09,"GCST90061435","SUD"
"34","rs4954158-T","TMEM163",2e-09,"GCST90061435","SUD"
"35","rs10205354-A","THSD7B",2e-12,"GCST90061435","SUD"
"36","rs1448917-G","THSD7B",1e-09,"GCST90061435","SUD"
"37","rs10496949-G","ARHGAP15",8e-10,"GCST90061435","SUD"
"38","rs2652446-C","KCNJ3",4e-12,"GCST90061435","SUD"
"39","rs9329342-C","BEND7",4e-09,"GCST90061435","SUD"
"40","rs11012787-C","DNAJC1",2e-08,"GCST90061435","SUD"
"41","rs17747622-C","ABI1",4e-09,"GCST90061435","SUD"
"42","rs61841113-T","JCAD",2e-08,"GCST90061435","SUD"
"43","rs7072826-T","SGMS1",4e-08,"GCST90061435","SUD"
"44","rs72803194-C","PRKG1",2e-08,"GCST90061435","SUD"
"45","rs973709-G","PCDH15",1e-13,"GCST90061435","SUD"
"46","rs7917795-G","PCDH15",2e-09,"GCST90061435","SUD"
"47","rs7086061-G","LINC02625",4e-16,"GCST90061435","SUD"
"48","rs72833340-A","ARID5B",7e-12,"GCST90061435","SUD"
"49","rs10762005-T","LINC01515",7e-10,"GCST90061435","SUD"
"50","rs10996825-T","CTNNA3",1e-08,"GCST90061435","SUD"
"51","rs7923245-G","CDH23",2e-10,"GCST90061435","SUD"
"52","rs34853150-G","GRID1-AS1",2e-12,"GCST90061435","SUD"
"53","rs1474051-G","BTAF1",3e-08,"GCST90061435","SUD"
"54","rs11596214-G","SORCS3",6e-21,"GCST90061435","SUD"
"55","rs329621-A","NDUFAF2",8e-15,"GCST90061435","SUD"
"56","rs2028269-G","THBS4",5e-11,"GCST90061435","SUD"
"57","rs13357015-G","RASGRF2",9e-14,"GCST90061435","SUD"
"58","rs6452785-C","TMEM161B-DT",4e-32,"GCST90061435","SUD"
"59","rs4916724-C","LINC00461",2e-18,"GCST90061435","SUD"
"60","rs152285-C","MCTP1",2e-10,"GCST90061435","SUD"
"61","rs2548532-C","ERAP2",5e-11,"GCST90061435","SUD"
"62","rs848828-T","EFNA5",8e-09,"GCST90061435","SUD"
"63","rs2406374-C","EFNA5",8e-12,"GCST90061435","SUD"
"64","rs1024975-T","FBXL17",9e-13,"GCST90061435","SUD"
"65","rs2241699-G","JADE2",9e-09,"GCST90061435","SUD"
"66","rs2916648-T","SPOCK1",3e-08,"GCST90061435","SUD"
"67","rs2910032-C","LINC01470",2e-08,"GCST90061435","SUD"
"68","rs6881515-T","GABRB2",5e-11,"GCST90061435","SUD"
"69","rs1895266-G","TENM2",2e-12,"GCST90061435","SUD"
"70","rs2336895-G","TENM2",2e-27,"GCST90061435","SUD"
"71","rs4342555-T","C8orf86",8e-10,"GCST90061435","SUD"
"72","rs79283501-C","PRKDC",2e-11,"GCST90061435","SUD"
"73","rs203620-C","SNTG1",8e-18,"GCST90061435","SUD"
"74","rs10092649-C","TOX",9e-14,"GCST90061435","SUD"
"75","rs3844072-G","LINC01414",2e-13,"GCST90061435","SUD"
"76","rs4734170-C","RUNX1T1",3e-15,"GCST90061435","SUD"
"77","rs11166805-G","FAM135B",3e-10,"GCST90061435","SUD"
"78","rs4961741-G","BNC2",5e-10,"GCST90061435","SUD"
"79","rs6476613-A","EBLN3P",1e-09,"GCST90061435","SUD"
"80","rs10869060-G","CEMIP2",8e-09,"GCST90061435","SUD"
"81","rs2416770-C","STX17-AS1",4e-15,"GCST90061435","SUD"
"82","rs142062162-G","LINC01505",2e-08,"GCST90061435","SUD"
"83","rs12347838-T","LINC01505",1e-12,"GCST90061435","SUD"
"84","rs2275641-G","ELP1",7e-09,"GCST90061435","SUD"
"85","rs4837631-C","BRINP1",2e-11,"GCST90061435","SUD"
"86","rs1110320-C","DENND1A",2e-08,"GCST90061435","SUD"
"87","rs191242857-G","SCAI",9e-19,"GCST90061435","SUD"
"88","rs34553878-A","PRRC2B",1e-10,"GCST90061435","SUD"
"89","rs4246167-C","MED27",3e-09,"GCST90061435","SUD"
"90","rs34756027-C","OLFM1",1e-09,"GCST90061435","SUD"
"91","rs2093623-G","CELF2",5e-10,"GCST90061435","SUD"
"92","rs279846-C","GABRA2",7e-10,"GCST90061435","SUD"
"93","rs116229101-C","GABRB1",8e-10,"GCST90061435","SUD"
"94","rs7680140-A","REST",1e-10,"GCST90061435","SUD"
"95","rs1801915-G","FAM13A",4e-11,"GCST90061435","SUD"
"96","rs992493-T","TET2",2e-10,"GCST90061435","SUD"
"97","rs1455480-G","MAML3",2e-12,"GCST90061435","SUD"
"98","rs13109980-G","MAML3",8e-17,"GCST90061435","SUD"
"99","rs6831966-C","INPP4B",3e-14,"GCST90061435","SUD"
"100","rs10001365-G","TTC29",3e-19,"GCST90061435","SUD"
"101","rs13111795-G","LINC02273",2e-10,"GCST90061435","SUD"
"102","rs210593-A","AUTS2",3e-09,"GCST90061435","SUD"
"103","rs2074646-C","MAGI2",8e-14,"GCST90061435","SUD"
"104","rs12536030-C","MAGI2",1e-08,"GCST90061435","SUD"
"105","rs12666502-G","CDK14",1e-08,"GCST90061435","SUD"
"106","rs2272168-G","ZKSCAN5",3e-20,"GCST90061435","SUD"
"107","rs2074686-G","AP1S1",3e-09,"GCST90061435","SUD"
"108","rs112284461-C","CUX1",9e-09,"GCST90061435","SUD"
"109","rs253376-C","IMMP2L",8e-12,"GCST90061435","SUD"
"110","rs1476535-C","FOXP2",3e-26,"GCST90061435","SUD"
"111","rs11770163-G","MET",2e-10,"GCST90061435","SUD"
"112","rs7795873-C","CTTNBP2",5e-16,"GCST90061435","SUD"
"113","rs2097641-G","GRM8",1e-08,"GCST90061435","SUD"
"114","rs3757757-G","SND1",7e-16,"GCST90061435","SUD"
"115","rs9649579-T","PLXNA4",1e-09,"GCST90061435","SUD"
"116","rs34060248-C","LRGUK",3e-16,"GCST90061435","SUD"
"117","rs7793448-T","RAB19",6e-11,"GCST90061435","SUD"
"118","rs4240671-G","XKR6",5e-23,"GCST90061435","SUD"
"119","rs59724122-C","GULOP",4e-19,"GCST90061435","SUD"
"120","rs9820753-G","RAB7A",2e-09,"GCST90061435","SUD"
"121","rs1847831-G","CPNE4",3e-11,"GCST90061435","SUD"
"122","rs6789372-C","EPHB1",8e-09,"GCST90061435","SUD"
"123","rs6772801-A","COPB2-DT",4e-08,"GCST90061435","SUD"
"124","rs2279829-C","ZIC4",3e-18,"GCST90061435","SUD"
"125","rs1724679-G","RSRC1",4e-11,"GCST90061435","SUD"
"126","rs7640631-C","NLGN1",6e-09,"GCST90061435","SUD"
"127","rs62291402-G","FXR1",2e-10,"GCST90061435","SUD"
"128","rs4434184-A","SOX2-OT",9e-11,"GCST90061435","SUD"
"129","rs6443761-T","SOX2-OT",3e-08,"GCST90061435","SUD"
"130","rs1250101-G","CTBP1",2e-08,"GCST90061435","SUD"
"131","rs7675916-C","PCDH7",3e-24,"GCST90061435","SUD"
"132","rs6742483-G","SCN2A",7e-13,"GCST90061435","SUD"
"133","rs77143891-C","RAPGEF4-AS1",3e-09,"GCST90061435","SUD"
"134","rs7575189-G","MAP3K20",2e-14,"GCST90061435","SUD"
"135","rs7584946-T","PDE11A",6e-10,"GCST90061435","SUD"
"136","rs4233789-T","LINC01934",1e-16,"GCST90061435","SUD"
"137","rs2135160-T","ERBB4",2e-08,"GCST90061435","SUD"
"138","rs72944387-C","IKZF2",2e-13,"GCST90061435","SUD"
"139","rs9812906-G","TBC1D5",3e-11,"GCST90061435","SUD"
"140","rs56168640-G","SGO1-AS1",2e-08,"GCST90061435","SUD"
"141","rs13099267-G","UBE2E1",8e-09,"GCST90061435","SUD"
"142","rs1520625-G","LINC01811",2e-08,"GCST90061435","SUD"
"143","rs67723420-T","ARPP21",1e-08,"GCST90061435","SUD"
"144","rs7708354-T","TENM2",2e-10,"GCST90061435","SUD"
"145","rs10070758-G","RANBP17",3e-13,"GCST90061435","SUD"
"146","rs7774403-G","PHACTR1",4e-09,"GCST90061435","SUD"
"147","rs9460342-C","LNC-LBCS",3e-08,"GCST90061435","SUD"
"148","rs10947675-G","LINC02520",5e-13,"GCST90061435","SUD"
"149","rs75108536-C","LRFN2",5e-11,"GCST90061435","SUD"
"150","rs4628086-C","TFAP2B",7e-18,"GCST90061435","SUD"
"151","rs160631-T","CILK1",1e-13,"GCST90061435","SUD"
"152","rs10922977-T","PKN2-AS1",3e-08,"GCST90061435","SUD"
"153","rs11165471-G","LINC02607",3e-09,"GCST90061435","SUD"
"154","rs4845556-G","TDRKH",3e-10,"GCST90061435","SUD"
"155","rs3790613-C","UBAP2L",3e-09,"GCST90061435","SUD"
"156","rs41264285-C","ADAM15",7e-10,"GCST90061435","SUD"
"157","rs9660091-G","PBX1",7e-09,"GCST90061435","SUD"
"158","rs2901785-G","RABGAP1L-DT",1e-10,"GCST90061435","SUD"
"159","rs6660370-C","LINC02789",1e-08,"GCST90061435","SUD"
"160","rs11801229-A","LRRN2",2e-10,"GCST90061435","SUD"
"161","rs35068223-A","NFASC",2e-08,"GCST90061435","SUD"
"162","rs1564879-G","PFKFB2",2e-08,"GCST90061435","SUD"
"163","rs7545279-T","SYT14",3e-10,"GCST90061435","SUD"
"164","rs10157166-C","SMYD2",8e-09,"GCST90061435","SUD"
"165","rs616523-C","USH2A",6e-09,"GCST90061435","SUD"
"166","rs12757183-T","ESRRG",1e-09,"GCST90061435","SUD"
"167","rs12025326-G","RAB3GAP2",2e-08,"GCST90061435","SUD"
"168","rs12736932-G","SIPA1L2",1e-08,"GCST90061435","SUD"
"169","rs4659704-C","ACTN2",4e-14,"GCST90061435","SUD"
"170","rs333078-C","AHCYL1",4e-09,"GCST90061435","SUD"
"171","rs277686-C","DNAJC11",4e-09,"GCST90061435","SUD"
"172","rs1193232-G","CAMTA1",3e-10,"GCST90061435","SUD"
"173","rs3820277-G","IGSF21",5e-16,"GCST90061435","SUD"
"174","rs10914684-G","PHC2",4e-17,"GCST90061435","SUD"
"175","rs6688223-A","HPCAL4",2e-08,"GCST90061435","SUD"
"176","rs951740-G","PTPRF",5e-30,"GCST90061435","SUD"
"177","rs571862-C","PTPRF",6e-20,"GCST90061435","SUD"
"178","rs6588376-G","ELAVL4",1e-16,"GCST90061435","SUD"
"179","rs55930348-G","DAB1",2e-08,"GCST90061435","SUD"
"180","rs4912332-C","DAB1",2e-11,"GCST90061435","SUD"
"181","rs332827-G","NFIA",3e-17,"GCST90061435","SUD"
"182","rs7528604-G","PDE4B",7e-18,"GCST90061435","SUD"
"183","rs3795530-G","SGIP1",1e-10,"GCST90061435","SUD"
"184","rs190891254-C","LINC02797",1e-16,"GCST90061435","SUD"
"185","rs12245585-G","VTI1A",7e-09,"GCST90061435","SUD"
"186","rs10885480-T","NRAP",1e-10,"GCST90061435","SUD"
"187","rs3095122-A","HSPA12A",3e-12,"GCST90061435","SUD"
"188","rs10787738-C","SHTN1",3e-19,"GCST90061435","SUD"
"189","rs1555487-T","TACC2",3e-08,"GCST90061435","SUD"
"190","rs1949434-C","CPXM2",3e-11,"GCST90061435","SUD"
"191","rs10870287-C","STK32C",2e-13,"GCST90061435","SUD"
"192","rs4757957-G","TEAD1",1e-09,"GCST90061435","SUD"
"193","rs10766470-G","HPS5",2e-08,"GCST90061435","SUD"
"194","rs11027983-G","LUZP2",8e-10,"GCST90061435","SUD"
"195","rs704686-C","DCDC1",6e-09,"GCST90061435","SUD"
"196","rs114861240-G","CCDC73",3e-08,"GCST90061435","SUD"
"197","rs1462220-G","LRRC4C",3e-13,"GCST90061435","SUD"
"198","rs7114842-A","HSD17B12",2e-08,"GCST90061435","SUD"
"199","rs11038716-G","PHF21A",2e-08,"GCST90061435","SUD"
"200","rs61884449-C","NRXN2",3e-09,"GCST90061435","SUD"
"201","rs3743963-A","SULT1A2",2e-12,"GCST90061435","SUD"
"202","rs55942317-G","ZNF423",5e-14,"GCST90061435","SUD"
"203","rs4785187-G","ZNF423",1e-11,"GCST90061435","SUD"
"204","rs59243311-G","CDH8",9e-10,"GCST90061435","SUD"
"205","rs10852456-G","NFAT5",2e-15,"GCST90061435","SUD"
"206","rs4448948-A","LINC01572",6e-19,"GCST90061435","SUD"
"207","rs17618144-G","ZFHX3",1e-11,"GCST90061435","SUD"
"208","rs55803708-C","ZFHX3",3e-08,"GCST90061435","SUD"
"209","rs4888444-A","TERF2IP",6e-15,"GCST90061435","SUD"
"210","rs78600318-A","CDH13",5e-10,"GCST90061435","SUD"
"211","rs12924902-A","SPG7",1e-13,"GCST90061435","SUD"
"212","rs4790874-C","SMG6",6e-17,"GCST90061435","SUD"
"213","rs7218436-T","SGSM2",9e-12,"GCST90061435","SUD"
"214","rs59816081-T","MINK1",2e-09,"GCST90061435","SUD"
"215","rs1105916-C","PITPNM3",2e-08,"GCST90061435","SUD"
"216","rs8614-C","NUFIP2",2e-10,"GCST90061435","SUD"
"217","rs4132610-C","PSMD11",2e-10,"GCST90061435","SUD"
"218","rs11657979-G","C17orf102",8e-10,"GCST90061435","SUD"
"219","rs10506677-G","KCNC2",3e-10,"GCST90061435","SUD"
"220","rs9706217-T","MGAT4C",2e-08,"GCST90061435","SUD"
"221","rs12579637-G","ANO4",2e-09,"GCST90061435","SUD"
"222","rs368746845-G","PARPBP",6e-11,"GCST90061435","SUD"
"223","rs10774625-A","ATXN2",1e-11,"GCST90061435","SUD"
"224","rs879901-C","RBM19",2e-09,"GCST90061435","SUD"
"225","rs1109480-G","CABP1",2e-13,"GCST90061435","SUD"
"226","rs326391-C","TMEM132B",2e-08,"GCST90061435","SUD"
"227","rs9574094-A","NBEA",1e-09,"GCST90061435","SUD"
"228","rs303948-A","DACH1",2e-08,"GCST90061435","SUD"
"229","rs61966940-A","HS6ST3",6e-13,"GCST90061435","SUD"
"230","rs10898240-C","DLG2",4e-09,"GCST90061435","SUD"
"231","rs11019106-G","DISC1FP1",6e-09,"GCST90061435","SUD"
"232","rs590414-A","GRIA4",3e-10,"GCST90061435","SUD"
"233","rs9919558-T","NCAM1",7e-59,"GCST90061435","SUD"
"234","rs7126080-G","USP28",1e-11,"GCST90061435","SUD"
"235","rs238899-T","ZBTB16",3e-10,"GCST90061435","SUD"
"236","rs1106363-C","NTM",7e-09,"GCST90061435","SUD"
"237","rs2010921-G","NTM",1e-11,"GCST90061435","SUD"
"238","rs12273435-G","IGSF9B",1e-11,"GCST90061435","SUD"
"239","rs7960282-G","PLEKHA5",2e-11,"GCST90061435","SUD"
"240","rs11047209-G","SOX5",1e-12,"GCST90061435","SUD"
"241","rs7969559-A","CPSF6",6e-09,"GCST90061435","SUD"
"242","rs4760831-A","TRHDE",8e-10,"GCST90061435","SUD"
"243","rs28397663-C","FLJ40194",2e-11,"GCST90061435","SUD"
"244","rs75919030-T","CA10",5e-16,"GCST90061435","SUD"
"245","rs9898605-G","HELZ",2e-09,"GCST90061435","SUD"
"246","rs11079710-C","BPTF",6e-15,"GCST90061435","SUD"
"247","rs4889891-C","CBX8",8e-14,"GCST90061435","SUD"
"248","rs8074498-T","ASPSCR1",5e-11,"GCST90061435","SUD"
"249","rs6506343-C","MIR3976HG",2e-09,"GCST90061435","SUD"
"250","rs1662904-A","KIAA1328",1e-11,"GCST90061435","SUD"
"251","rs8096225-A","MIR924HG",6e-15,"GCST90061435","SUD"
"252","rs8090578-C","LINC00907",7e-12,"GCST90061435","SUD"
"253","rs148544378-C","RIT2",1e-11,"GCST90061435","SUD"
"254","rs12970816-G","DCC",3e-24,"GCST90061435","SUD"
"255","rs8094435-A","DCC",6e-13,"GCST90061435","SUD"
"256","rs62098012-C","DCC",7e-12,"GCST90061435","SUD"
"257","rs72926932-A","TCF4",2e-14,"GCST90061435","SUD"
"258","rs1895617-C","LINC01905",3e-18,"GCST90061435","SUD"
"259","rs12902636-C","SEMA6D",9e-24,"GCST90061435","SUD"
"260","rs74692183-C","HERC1",1e-10,"GCST90061435","SUD"
"261","rs12914773-G","MAP2K5",3e-10,"GCST90061435","SUD"
"262","rs72730718-C","LINGO1",4e-11,"GCST90061435","SUD"
"263","rs7167767-G","ABHD17C",3e-10,"GCST90061435","SUD"
"264","rs113930428-A","BNC1",9e-12,"GCST90061435","SUD"
"265","rs4702-G","FURIN",1e-23,"GCST90061435","SUD"
"266","rs11631953-A","NR2F2-AS1",1e-09,"GCST90061435","SUD"
"267","rs12914977-C","IGF1R",4e-14,"GCST90061435","SUD"
"268","rs1139897-G","RHOT2",7e-21,"GCST90061435","SUD"
"269","rs17136317-T","ZNF75A",1e-08,"GCST90061435","SUD"
"270","rs9936015-G","RBFOX1",3e-10,"GCST90061435","SUD"
"271","rs4786809-C","RBFOX1",9e-09,"GCST90061435","SUD"
"272","rs4494563-C","RBFOX1",2e-11,"GCST90061435","SUD"
"273","rs7192140-T","GRIN2A",1e-09,"GCST90061435","SUD"
"274","rs7188873-A","TNRC6A",5e-15,"GCST90061435","SUD"
"275","rs2526384-C","SEMA3F-AS1",8e-23,"GCST90061435","SUD"
"276","rs312480-T","CACNA1D",2e-10,"GCST90061435","SUD"
"277","rs7649275-G","CACNA1D",3e-12,"GCST90061435","SUD"
"278","rs61578424-G","CACNA2D3",1e-12,"GCST90061435","SUD"
"279","rs12488237-T","ERC2",6e-09,"GCST90061435","SUD"
"280","rs11720703-C","FOXP1",3e-27,"GCST90061435","SUD"
"281","rs7426688-C","ROBO2",6e-12,"GCST90061435","SUD"
"282","rs796529-A","ROBO2",2e-09,"GCST90061435","SUD"
"283","rs993137-C","CADM2",5e-53,"GCST90061435","SUD"
"284","rs4856605-G","CADM2",2e-30,"GCST90061435","SUD"
"285","rs79269403-G","HHLA2",1e-15,"GCST90061435","SUD"
"286","rs16855073-C","MORC1",2e-10,"GCST90061435","SUD"
"287","rs2722033-C","ZBTB20",1e-08,"GCST90061435","SUD"
"288","rs12660725-C","ASCC3",6e-19,"GCST90061435","SUD"
"289","rs9402093-G","LAMA2",2e-12,"GCST90061435","SUD"
"290","rs1358433-G","UTRN",3e-12,"GCST90061435","SUD"
"291","rs12204714-C","ESR1",5e-11,"GCST90061435","SUD"
"292","rs4870492-C","ARID1B",9e-11,"GCST90061435","SUD"
"293","rs143465123-C","TULP4",8e-11,"GCST90061435","SUD"
"294","rs7744868-A","WDR27",1e-09,"GCST90061435","SUD"
"295","rs6460944-C","MAD1L1",2e-23,"GCST90061435","SUD"
"296","rs4349886-C","SDK1",2e-26,"GCST90061435","SUD"
"297","rs10237329-C","PDE1C",2e-10,"GCST90061435","SUD"
"298","rs62449380-G","LINC01445",4e-10,"GCST90061435","SUD"
"299","rs1164598-A","HS6ST3",4e-14,"GCST90061435","SUD"
"300","rs9517908-G","CLYBL",6e-12,"GCST90061435","SUD"
"301","rs9554664-C","PCCA-DT",4e-13,"GCST90061435","SUD"
"302","rs11616731-A","GGACT",8e-11,"GCST90061435","SUD"
"303","rs10148671-T","LINC02326",2e-10,"GCST90061435","SUD"
"304","rs7146265-G","AKAP6",5e-10,"GCST90061435","SUD"
"305","rs2933213-C","MDGA2",9e-12,"GCST90061435","SUD"
"306","rs698015-C","OTX2",3e-09,"GCST90061435","SUD"
"307","rs61991652-C","LINC02288",8e-12,"GCST90061435","SUD"
"308","rs17594561-A","NRXN3",4e-08,"GCST90061435","SUD"
"309","rs9671376-C","TRAF3",9e-13,"GCST90061435","SUD"
"310","rs373408008-G","NPAS3",4e-09,"GCST90061435","SUD"
"311","rs1051861-C","ARID4A",2e-13,"GCST90061435","SUD"
"312","rs7143268-A","GPR135",4e-08,"GCST90061435","SUD"
"313","rs12907546-G","SEMA6D",1e-31,"GCST90061435","SUD"
"314","rs11872397-G","ZNF407",1e-09,"GCST90061435","SUD"
"315","rs7241572-G","KCNG2",1e-22,"GCST90061435","SUD"
"316","rs2613765-G","KDM4B",6e-11,"GCST90061435","SUD"
"317","rs34851357-T","LINC01837",6e-09,"GCST90061435","SUD"
"318","rs112330399-G","SLC1A5",1e-08,"GCST90061435","SUD"
"319","rs16987303-C","ZNF471",2e-08,"GCST90061435","SUD"
"320","rs73104513-C","MACROD2",2e-09,"GCST90061435","SUD"
"321","rs2424244-G","SLC24A3",2e-12,"GCST90061435","SUD"
"322","rs73111240-G","NINL",5e-10,"GCST90061435","SUD"
"323","rs67696533-G","NOL4L-DT",1e-11,"GCST90061435","SUD"
"324","rs1787402-C","KCNJ6",3e-08,"GCST90061435","SUD"
"325","rs5752764-C","TTC28",2e-08,"GCST90061435","SUD"
"326","rs117023465-G","TAFA5",1e-08,"GCST90061435","SUD"
"327","rs8039398-T","SEMA6D",3e-08,"GCST005362","ADHD"
"328","rs56135409-A","SGO1-AS1",6e-07,"GCST005362","ADHD"
"329","rs71450738-T","SOX5",2e-06,"GCST012597","ADHD"
"330","rs11591402-T","SORCS3",4e-09,"GCST007543","ADHD"
"331","rs56135409-C","SGO1-AS1",5e-08,"GCST007543","ADHD"
"332","rs4916723-C","LINC00461",7e-07,"GCST007543","ADHD"
"333","rs4858241-T","SGO1-AS1",1e-06,"GCST007543","ADHD"
"334","rs5886709-G","FOXP2",4e-10,"GCST007543","ADHD"
"335","rs3001723-A","PTPRF",1e-08,"GCST007543","ADHD"
"336","rs4858241-T","SGO1-AS1",5e-07,"GCST010291","ADHD"
"337","rs281324-?","SEMA6D",7e-07,"GCST010291","ADHD"
"338","rs1610098-?","SEMA6D",8e-07,"GCST010289","ADHD"
"339","rs795989-A","MAML3",2e-06,"GCST010289","ADHD"
"340","rs1858800-T","ZFHX3",1e-06,"GCST010289","ADHD"
"341","rs11917999-G","SOX2-OT",4e-06,"GCST010220","ADHD"
"342","rs609728-T","ANO4",6e-06,"GCST010220","ADHD"
"343","rs6699651-T","CAMTA1",8e-07,"GCST010219","ADHD"
"344","rs12265655-T","SORCS3",2e-11,"GCST012093","ADHD"
"345","rs4858241-?","SGO1-AS1",2e-08,"GCST010649","ADHD"
"346","rs4916723-?","LINC00461",2e-08,"GCST010649","ADHD"
"347","rs5886709-?","FOXP2",2e-08,"GCST010649","ADHD"
"348","rs11591402-?","SORCS3",1e-08,"GCST010649","ADHD"
"349","rs281324-?","SEMA6D",3e-08,"GCST010649","ADHD"
"350","rs212178-?","LINC01572",8e-09,"GCST010649","ADHD"
"351","rs1021938-?","SGO1-AS1",2e-08,"GCST010644","ADHD"
"352","rs56022653-?","LINC00461",2e-08,"GCST010644","ADHD"
"353","rs9969232-?","FOXP2",8e-09,"GCST010644","ADHD"
"354","rs11192193-?","SORCS3",1e-09,"GCST010644","ADHD"
"355","rs6584649-?","SORCS3",1e-11,"GCST010644","ADHD"
"356","rs281297-?","SEMA6D",7e-09,"GCST010644","ADHD"
"357","rs12596294-?","LINC01572",2e-08,"GCST010644","ADHD"
"358","rs8084351-?","DCC",4e-09,"GCST010644","ADHD"
"359","rs17651978-?","FOXP1",6e-06,"GCST000281","ADHD"
"360","rs11646411-?","CDH13",7e-06,"GCST000246","ADHD"
"361","rs6758152-T","LINC01965",3e-06,"GCST001944","ADHD"
"362","rs11903187-A","LINC01965",4e-06,"GCST001944","ADHD"
"363","rs12613775-T","LINC01965",4e-06,"GCST001944","ADHD"
"364","rs2119507-T","LINC01965",4e-06,"GCST001944","ADHD"
"365","rs10193430-A","LINC01965",4e-06,"GCST001944","ADHD"
"366","rs1036736-T","LINC01965",4e-06,"GCST001944","ADHD"
"367","rs2556378-T","BCL11A",7e-06,"GCST001287","ADHD"
"368","rs12653396-T","LINC00461",2e-11,"GCST90137499","ADHD"
"369","rs28718037-A","DCC",9e-09,"GCST90137499","ADHD"
"370","rs1229758-G","FOXP2",2e-08,"GCST90137501","ADHD"
"371","rs34096808-?","NLGN1",1e-07,"GCST004001","ADHD"
"372","rs549845-G","PTPRF",2e-07,"GCST012098","ADHD"
"373","rs11982272-T","MAD1L1",3e-07,"GCST012098","ADHD"
"374","rs6736411-?","WDPCP",3e-08,"GCST008919","ADHD"
"375","rs11210887-G","PTPRF",3e-11,"GCST006983","ADHD"
"376","rs2782639-G","PTPRF",2e-08,"GCST006983","ADHD"
"377","rs4916723-C","LINC00461",2e-09,"GCST006983","ADHD"
"378","rs8039398-C","SEMA6D",4e-11,"GCST006983","ADHD"
"379","rs4858253-C","SGO1-AS1",2e-08,"GCST006983","ADHD"
"380","rs1476535-T","FOXP2",6e-10,"GCST006983","ADHD"
"381","rs2189012-A","FOXP2",1e-08,"GCST006983","ADHD"
"382","rs12653396-A","LINC00461",1e-09,"GCST007591","ADHD"
"383","rs281320-T","SEMA6D",1e-10,"GCST007586","ADHD"
"384","rs13332522-C","RBFOX1",7e-09,"GCST007586","ADHD"
"385","rs12596294-?","LINC01572",1e-08,"GCST007586","ADHD"
"386","rs281323-A","SEMA6D",4e-09,"GCST007582","ADHD"
"387","rs56135409-A","SGO1-AS1",2e-09,"GCST007588","ADHD"
"388","rs12921846-A","RBFOX1",9e-06,"GCST000253","ADHD"
"389","rs12653396-?","LINC00461",4e-08,"GCST90133365","ADHD"
"390","rs35999374-?","LINC01572",3e-09,"GCST90016595","ADHD"
"391","rs17183814-?","SCN2A",7e-11,"GCST90016604","ADHD"
"392","rs226488-?","LINC00461",2e-10,"GCST90016612","ADHD"
"393","rs8039398-?","SEMA6D",1e-08,"GCST90016612","ADHD"
"394","rs8058677-?","CDH8",4e-08,"GCST90016612","ADHD"
"395","rs212178-?","LINC01572",3e-08,"GCST90016612","ADHD"
"396","rs13361438-?","LINC01470",1e-08,"GCST90016618","ADHD"
"397","rs12668848-?","MAD1L1",8e-11,"GCST90016618","ADHD"
"398","rs12539177-?","IMMP2L",3e-10,"GCST90016618","ADHD"
"399","rs713240-?","ARID5B",5e-09,"GCST90016618","ADHD"
"400","rs11844846-?","LINC02326",4e-08,"GCST90016618","ADHD"
"401","rs12592235-?","SEMA6D",1e-08,"GCST90016618","ADHD"
"402","rs17594665-?","TCF4",6e-09,"GCST90016618","ADHD"
"403","rs1229758-?","FOXP2",3e-08,"GCST90271340","ADHD"
"404","rs6452785-?","TMEM161B-DT",9e-11,"GCST90271328","ADHD"
"405","rs3808093-?","SND1",3e-09,"GCST90134330","ADHD"
"406","rs12540357-?","SND1",2e-09,"GCST90134330","ADHD"
"407","rs3757771-?","SND1",4e-08,"GCST90134330","ADHD"
"408","rs4731392-?","SND1",4e-13,"GCST90134330","ADHD"
"409","rs7044246-?","MED27",8e-09,"GCST90134330","ADHD"
"410","rs10733789-?","JMJD1C",4e-09,"GCST90134330","ADHD"
"411","rs7924036-?","JMJD1C",3e-08,"GCST90134330","ADHD"
"412","rs3896224-?","SORCS3",9e-10,"GCST90134330","ADHD"
"413","rs11596241-?","SORCS3",4e-08,"GCST90134330","ADHD"
"414","rs11192193-?","SORCS3",8e-11,"GCST90134330","ADHD"
"415","rs1490182-?","SORCS3",3e-08,"GCST90134330","ADHD"
"416","rs11591402-?","SORCS3",6e-11,"GCST90134330","ADHD"
"417","rs12885221-?","AKAP6",1e-10,"GCST90134330","ADHD"
"418","rs10133551-?","AKAP6",8e-14,"GCST90134330","ADHD"
"419","rs2239647-?","AKAP6",2e-16,"GCST90134330","ADHD"
"420","rs2057121-?","AKAP6",5e-09,"GCST90134330","ADHD"
"421","rs7146202-?","AKAP6",5e-16,"GCST90134330","ADHD"
"422","rs2143976-?","AKAP6",4e-09,"GCST90134330","ADHD"
"423","rs281320-?","SEMA6D",1e-08,"GCST90134330","ADHD"
"424","rs9940753-?","RBFOX1",3e-10,"GCST90134330","ADHD"
"425","rs4322667-?","RBFOX1",2e-08,"GCST90134330","ADHD"
"426","rs7184911-?","RBFOX1",4e-09,"GCST90134330","ADHD"
"427","rs72774059-?","GRIN2A",2e-08,"GCST90134330","ADHD"
"428","rs28512462-?","TNRC6A",5e-09,"GCST90134330","ADHD"
"429","rs8043962-?","TNRC6A",6e-14,"GCST90134330","ADHD"
"430","rs329672-?","IGSF9B",3e-10,"GCST90134330","ADHD"
"431","rs55838312-?","TET2",8e-27,"GCST90134330","ADHD"
"432","rs2454205-?","TET2",1e-17,"GCST90134330","ADHD"
"433","rs2647249-?","TET2",3e-08,"GCST90134330","ADHD"
"434","rs72712511-?","MAML3",3e-08,"GCST90134330","ADHD"
"435","rs56022653-?","LINC00461",2e-09,"GCST90134330","ADHD"
"436","rs10514301-?","LINC00461",3e-10,"GCST90134330","ADHD"
"437","rs6882046-?","LINC00461",6e-14,"GCST90134330","ADHD"
"438","rs12927459-?","LINC01572",4e-08,"GCST90134330","ADHD"
"439","rs2471738-?","MAPT",1e-08,"GCST90134330","ADHD"
"440","rs8083850-?","DCC",7e-15,"GCST90134330","ADHD"
"441","rs11082972-?","DCC",4e-09,"GCST90134330","ADHD"
"442","rs17411548-?","DCC",4e-14,"GCST90134330","ADHD"
"443","rs2154556-?","KCNJ6",1e-08,"GCST90134330","ADHD"
"444","rs145104523-?","BRWD1",6e-10,"GCST90134330","ADHD"
"445","rs10010325-?","TET2",2e-14,"GCST90134330","ADHD"
"446","rs1391438-?","TET2",5e-10,"GCST90134330","ADHD"
"447","rs2966807-?","FBXL17",3e-08,"GCST90134330","ADHD"
"448","rs10189912-?","ARHGAP15",4e-11,"GCST90134330","ADHD"
"449","rs35825582-?","ARHGAP15",4e-08,"GCST90134330","ADHD"
"450","rs7591506-?","TANK-AS1",4e-10,"GCST90134330","ADHD"
"451","rs10779271-?","ESRRG",3e-08,"GCST90134330","ADHD"
"452","rs13019832-?","BCL11A",8e-10,"GCST90134330","ADHD"
"453","rs10189857-?","BCL11A",6e-12,"GCST90134330","ADHD"
"454","rs34795510-?","AFF3",1e-08,"GCST90134330","ADHD"
"455","rs35300735-?","AFF3",4e-09,"GCST90134330","ADHD"
"456","rs11123816-?","AFF3",5e-10,"GCST90134330","ADHD"
"457","rs6800583-?","PLCL2",3e-09,"GCST90134330","ADHD"
"458","rs73139272-?","PLCL2",3e-09,"GCST90134330","ADHD"
"459","rs6784162-?","ARPP21",1e-08,"GCST90134330","ADHD"
"460","rs2014830-?","SEMA3F-AS1",4e-09,"GCST90134330","ADHD"
"461","rs13100903-?","SEMA3F-AS1",2e-20,"GCST90134330","ADHD"
"462","rs2526388-?","SEMA3F-AS1",3e-09,"GCST90134330","ADHD"
"463","rs7640614-?","FOXP1",4e-12,"GCST90134330","ADHD"
"464","rs1248853-?","CADM2",8e-09,"GCST90134330","ADHD"
"465","rs6770622-?","CADM2",2e-10,"GCST90134330","ADHD"
"466","rs74599180-?","CADM2",5e-08,"GCST90134330","ADHD"
"467","rs12491707-?","CADM2",3e-09,"GCST90134330","ADHD"
"468","rs62253086-?","CADM2",1e-09,"GCST90134330","ADHD"
"469","rs287879-?","ARID1B",2e-09,"GCST90134330","ADHD"
"470","rs12698891-?","AUTS2",4e-08,"GCST90134330","ADHD"
"471","rs13223152-?","AUTS2",7e-09,"GCST90134330","ADHD"
"472","rs3113281-?","AUTS2",3e-08,"GCST90134330","ADHD"
"473","rs6508220-?","DCC",7e-17,"GCST90134330","ADHD"
"474","rs965943-?","DCC",1e-10,"GCST90134330","ADHD"
"475","rs11663156-?","DCC",2e-10,"GCST90134330","ADHD"
"476","rs9807529-?","DCC",7e-11,"GCST90134330","ADHD"
"477","rs11664788-?","DCC",3e-13,"GCST90134330","ADHD"
"478","rs8104771-?","TSHZ3",1e-08,"GCST90134330","ADHD"
"479","rs6074798-?","MACROD2",8e-11,"GCST90134330","ADHD"
"480","rs6668048-?","LINC02607",1e-14,"GCST90134330","ADHD"
"481","rs2782639-?","PTPRF",6e-12,"GCST90134330","ADHD"
"482","rs3001723-?","PTPRF",2e-16,"GCST90134330","ADHD"
"483","rs58097944-?","PTPRF",7e-12,"GCST90134330","ADHD"
"484","rs673253-?","PTPRF",1e-18,"GCST90134330","ADHD"
"485","rs492929-?","PTPRF",9e-11,"GCST90134330","ADHD"
"486","rs530373-?","PTPRF",2e-08,"GCST90134330","ADHD"
"487","rs4659805-G","RYR2",2e-12,"GCST90061435","ADHD"
"488","rs13418451-C","LINC01830",8e-11,"GCST90061435","ADHD"
"489","rs1653771-G","KLHL29",4e-09,"GCST90061435","ADHD"
"490","rs176413-G","BIRC6",4e-18,"GCST90061435","ADHD"
"491","rs759362-T","SLC8A1-AS1",2e-08,"GCST90061435","ADHD"
"492","rs1004787-G","LINC01833",1e-32,"GCST90061435","ADHD"
"493","rs10490159-C","NRXN1",1e-12,"GCST90061435","ADHD"
"494","rs72808453-A","VRK2",4e-08,"GCST90061435","ADHD"
"495","rs10490091-A","LINC01122",5e-13,"GCST90061435","ADHD"
"496","rs10184550-G","BCL11A",4e-12,"GCST90061435","ADHD"
"497","rs371708617-G","WDPCP",8e-13,"GCST90061435","ADHD"
"498","rs2421552-C","ALMS1",2e-09,"GCST90061435","ADHD"
"499","rs828867-G","TET3",4e-15,"GCST90061435","ADHD"
"500","rs6750737-G","LRRTM4",9e-09,"GCST90061435","ADHD"
"501","rs1897784-C","CTNNA2",5e-09,"GCST90061435","ADHD"
"502","rs55803020-C","CTNNA2",8e-14,"GCST90061435","ADHD"
"503","rs72819186-C","AFF3",5e-14,"GCST90061435","ADHD"
"504","rs12621166-C","LINC01965",2e-13,"GCST90061435","ADHD"
"505","rs780024-T","CNTNAP5",8e-09,"GCST90061435","ADHD"
"506","rs4954158-T","TMEM163",2e-09,"GCST90061435","ADHD"
"507","rs10205354-A","THSD7B",2e-12,"GCST90061435","ADHD"
"508","rs1448917-G","THSD7B",1e-09,"GCST90061435","ADHD"
"509","rs10496949-G","ARHGAP15",8e-10,"GCST90061435","ADHD"
"510","rs2652446-C","KCNJ3",4e-12,"GCST90061435","ADHD"
"511","rs9329342-C","BEND7",4e-09,"GCST90061435","ADHD"
"512","rs11012787-C","DNAJC1",2e-08,"GCST90061435","ADHD"
"513","rs17747622-C","ABI1",4e-09,"GCST90061435","ADHD"
"514","rs61841113-T","JCAD",2e-08,"GCST90061435","ADHD"
"515","rs7072826-T","SGMS1",4e-08,"GCST90061435","ADHD"
"516","rs72803194-C","PRKG1",2e-08,"GCST90061435","ADHD"
"517","rs973709-G","PCDH15",1e-13,"GCST90061435","ADHD"
"518","rs7917795-G","PCDH15",2e-09,"GCST90061435","ADHD"
"519","rs7086061-G","LINC02625",4e-16,"GCST90061435","ADHD"
"520","rs72833340-A","ARID5B",7e-12,"GCST90061435","ADHD"
"521","rs10762005-T","LINC01515",7e-10,"GCST90061435","ADHD"
"522","rs10996825-T","CTNNA3",1e-08,"GCST90061435","ADHD"
"523","rs7923245-G","CDH23",2e-10,"GCST90061435","ADHD"
"524","rs34853150-G","GRID1-AS1",2e-12,"GCST90061435","ADHD"
"525","rs1474051-G","BTAF1",3e-08,"GCST90061435","ADHD"
"526","rs11596214-G","SORCS3",6e-21,"GCST90061435","ADHD"
"527","rs329621-A","NDUFAF2",8e-15,"GCST90061435","ADHD"
"528","rs2028269-G","THBS4",5e-11,"GCST90061435","ADHD"
"529","rs13357015-G","RASGRF2",9e-14,"GCST90061435","ADHD"
"530","rs6452785-C","TMEM161B-DT",4e-32,"GCST90061435","ADHD"
"531","rs4916724-C","LINC00461",2e-18,"GCST90061435","ADHD"
"532","rs152285-C","MCTP1",2e-10,"GCST90061435","ADHD"
"533","rs2548532-C","ERAP2",5e-11,"GCST90061435","ADHD"
"534","rs848828-T","EFNA5",8e-09,"GCST90061435","ADHD"
"535","rs2406374-C","EFNA5",8e-12,"GCST90061435","ADHD"
"536","rs1024975-T","FBXL17",9e-13,"GCST90061435","ADHD"
"537","rs2241699-G","JADE2",9e-09,"GCST90061435","ADHD"
"538","rs2916648-T","SPOCK1",3e-08,"GCST90061435","ADHD"
"539","rs2910032-C","LINC01470",2e-08,"GCST90061435","ADHD"
"540","rs6881515-T","GABRB2",5e-11,"GCST90061435","ADHD"
"541","rs1895266-G","TENM2",2e-12,"GCST90061435","ADHD"
"542","rs2336895-G","TENM2",2e-27,"GCST90061435","ADHD"
"543","rs4342555-T","C8orf86",8e-10,"GCST90061435","ADHD"
"544","rs79283501-C","PRKDC",2e-11,"GCST90061435","ADHD"
"545","rs203620-C","SNTG1",8e-18,"GCST90061435","ADHD"
"546","rs10092649-C","TOX",9e-14,"GCST90061435","ADHD"
"547","rs3844072-G","LINC01414",2e-13,"GCST90061435","ADHD"
"548","rs4734170-C","RUNX1T1",3e-15,"GCST90061435","ADHD"
"549","rs11166805-G","FAM135B",3e-10,"GCST90061435","ADHD"
"550","rs4961741-G","BNC2",5e-10,"GCST90061435","ADHD"
"551","rs6476613-A","EBLN3P",1e-09,"GCST90061435","ADHD"
"552","rs10869060-G","CEMIP2",8e-09,"GCST90061435","ADHD"
"553","rs2416770-C","STX17-AS1",4e-15,"GCST90061435","ADHD"
"554","rs142062162-G","LINC01505",2e-08,"GCST90061435","ADHD"
"555","rs12347838-T","LINC01505",1e-12,"GCST90061435","ADHD"
"556","rs2275641-G","ELP1",7e-09,"GCST90061435","ADHD"
"557","rs4837631-C","BRINP1",2e-11,"GCST90061435","ADHD"
"558","rs1110320-C","DENND1A",2e-08,"GCST90061435","ADHD"
"559","rs191242857-G","SCAI",9e-19,"GCST90061435","ADHD"
"560","rs34553878-A","PRRC2B",1e-10,"GCST90061435","ADHD"
"561","rs4246167-C","MED27",3e-09,"GCST90061435","ADHD"
"562","rs34756027-C","OLFM1",1e-09,"GCST90061435","ADHD"
"563","rs2093623-G","CELF2",5e-10,"GCST90061435","ADHD"
"564","rs279846-C","GABRA2",7e-10,"GCST90061435","ADHD"
"565","rs116229101-C","GABRB1",8e-10,"GCST90061435","ADHD"
"566","rs7680140-A","REST",1e-10,"GCST90061435","ADHD"
"567","rs1801915-G","FAM13A",4e-11,"GCST90061435","ADHD"
"568","rs992493-T","TET2",2e-10,"GCST90061435","ADHD"
"569","rs1455480-G","MAML3",2e-12,"GCST90061435","ADHD"
"570","rs13109980-G","MAML3",8e-17,"GCST90061435","ADHD"
"571","rs6831966-C","INPP4B",3e-14,"GCST90061435","ADHD"
"572","rs10001365-G","TTC29",3e-19,"GCST90061435","ADHD"
"573","rs13111795-G","LINC02273",2e-10,"GCST90061435","ADHD"
"574","rs210593-A","AUTS2",3e-09,"GCST90061435","ADHD"
"575","rs2074646-C","MAGI2",8e-14,"GCST90061435","ADHD"
"576","rs12536030-C","MAGI2",1e-08,"GCST90061435","ADHD"
"577","rs12666502-G","CDK14",1e-08,"GCST90061435","ADHD"
"578","rs2272168-G","ZKSCAN5",3e-20,"GCST90061435","ADHD"
"579","rs2074686-G","AP1S1",3e-09,"GCST90061435","ADHD"
"580","rs112284461-C","CUX1",9e-09,"GCST90061435","ADHD"
"581","rs253376-C","IMMP2L",8e-12,"GCST90061435","ADHD"
"582","rs1476535-C","FOXP2",3e-26,"GCST90061435","ADHD"
"583","rs11770163-G","MET",2e-10,"GCST90061435","ADHD"
"584","rs7795873-C","CTTNBP2",5e-16,"GCST90061435","ADHD"
"585","rs2097641-G","GRM8",1e-08,"GCST90061435","ADHD"
"586","rs3757757-G","SND1",7e-16,"GCST90061435","ADHD"
"587","rs9649579-T","PLXNA4",1e-09,"GCST90061435","ADHD"
"588","rs34060248-C","LRGUK",3e-16,"GCST90061435","ADHD"
"589","rs7793448-T","RAB19",6e-11,"GCST90061435","ADHD"
"590","rs62479657-C","PTPRN2",3e-09,"GCST90061435","ADHD"
"591","rs4240671-G","XKR6",5e-23,"GCST90061435","ADHD"
"592","rs59724122-C","GULOP",4e-19,"GCST90061435","ADHD"
"593","rs9820753-G","RAB7A",2e-09,"GCST90061435","ADHD"
"594","rs1847831-G","CPNE4",3e-11,"GCST90061435","ADHD"
"595","rs6789372-C","EPHB1",8e-09,"GCST90061435","ADHD"
"596","rs6772801-A","COPB2-DT",4e-08,"GCST90061435","ADHD"
"597","rs2279829-C","ZIC4",3e-18,"GCST90061435","ADHD"
"598","rs1724679-G","RSRC1",4e-11,"GCST90061435","ADHD"
"599","rs7640631-C","NLGN1",6e-09,"GCST90061435","ADHD"
"600","rs62291402-G","FXR1",2e-10,"GCST90061435","ADHD"
"601","rs4434184-A","SOX2-OT",9e-11,"GCST90061435","ADHD"
"602","rs6443761-T","SOX2-OT",3e-08,"GCST90061435","ADHD"
"603","rs1250101-G","CTBP1",2e-08,"GCST90061435","ADHD"
"604","rs7675916-C","PCDH7",3e-24,"GCST90061435","ADHD"
"605","rs6742483-G","SCN2A",7e-13,"GCST90061435","ADHD"
"606","rs77143891-C","RAPGEF4-AS1",3e-09,"GCST90061435","ADHD"
"607","rs7575189-G","MAP3K20",2e-14,"GCST90061435","ADHD"
"608","rs7584946-T","PDE11A",6e-10,"GCST90061435","ADHD"
"609","rs4233789-T","LINC01934",1e-16,"GCST90061435","ADHD"
"610","rs2135160-T","ERBB4",2e-08,"GCST90061435","ADHD"
"611","rs72944387-C","IKZF2",2e-13,"GCST90061435","ADHD"
"612","rs55855024-C","PLCL2",6e-13,"GCST90061435","ADHD"
"613","rs9812906-G","TBC1D5",3e-11,"GCST90061435","ADHD"
"614","rs56168640-G","SGO1-AS1",2e-08,"GCST90061435","ADHD"
"615","rs13099267-G","UBE2E1",8e-09,"GCST90061435","ADHD"
"616","rs1520625-G","LINC01811",2e-08,"GCST90061435","ADHD"
"617","rs67723420-T","ARPP21",1e-08,"GCST90061435","ADHD"
"618","rs7708354-T","TENM2",2e-10,"GCST90061435","ADHD"
"619","rs10070758-G","RANBP17",3e-13,"GCST90061435","ADHD"
"620","rs7774403-G","PHACTR1",4e-09,"GCST90061435","ADHD"
"621","rs9460342-C","LNC-LBCS",3e-08,"GCST90061435","ADHD"
"622","rs10947675-G","LINC02520",5e-13,"GCST90061435","ADHD"
"623","rs75108536-C","LRFN2",5e-11,"GCST90061435","ADHD"
"624","rs4628086-C","TFAP2B",7e-18,"GCST90061435","ADHD"
"625","rs160631-T","CILK1",1e-13,"GCST90061435","ADHD"
"626","rs10922977-T","PKN2-AS1",3e-08,"GCST90061435","ADHD"
"627","rs11165471-G","LINC02607",3e-09,"GCST90061435","ADHD"
"628","rs4845556-G","TDRKH",3e-10,"GCST90061435","ADHD"
"629","rs3790613-C","UBAP2L",3e-09,"GCST90061435","ADHD"
"630","rs41264285-C","ADAM15",7e-10,"GCST90061435","ADHD"
"631","rs9660091-G","PBX1",7e-09,"GCST90061435","ADHD"
"632","rs2901785-G","RABGAP1L-DT",1e-10,"GCST90061435","ADHD"
"633","rs6660370-C","LINC02789",1e-08,"GCST90061435","ADHD"
"634","rs11801229-A","LRRN2",2e-10,"GCST90061435","ADHD"
"635","rs35068223-A","NFASC",2e-08,"GCST90061435","ADHD"
"636","rs1564879-G","PFKFB2",2e-08,"GCST90061435","ADHD"
"637","rs7545279-T","SYT14",3e-10,"GCST90061435","ADHD"
"638","rs10157166-C","SMYD2",8e-09,"GCST90061435","ADHD"
"639","rs616523-C","USH2A",6e-09,"GCST90061435","ADHD"
"640","rs12757183-T","ESRRG",1e-09,"GCST90061435","ADHD"
"641","rs12025326-G","RAB3GAP2",2e-08,"GCST90061435","ADHD"
"642","rs12736932-G","SIPA1L2",1e-08,"GCST90061435","ADHD"
"643","rs4659704-C","ACTN2",4e-14,"GCST90061435","ADHD"
"644","rs333078-C","AHCYL1",4e-09,"GCST90061435","ADHD"
"645","rs277686-C","DNAJC11",4e-09,"GCST90061435","ADHD"
"646","rs1193232-G","CAMTA1",3e-10,"GCST90061435","ADHD"
"647","rs3820277-G","IGSF21",5e-16,"GCST90061435","ADHD"
"648","rs10914684-G","PHC2",4e-17,"GCST90061435","ADHD"
"649","rs6688223-A","HPCAL4",2e-08,"GCST90061435","ADHD"
"650","rs951740-G","PTPRF",5e-30,"GCST90061435","ADHD"
"651","rs571862-C","PTPRF",6e-20,"GCST90061435","ADHD"
"652","rs6588376-G","ELAVL4",1e-16,"GCST90061435","ADHD"
"653","rs55930348-G","DAB1",2e-08,"GCST90061435","ADHD"
"654","rs4912332-C","DAB1",2e-11,"GCST90061435","ADHD"
"655","rs332827-G","NFIA",3e-17,"GCST90061435","ADHD"
"656","rs7528604-G","PDE4B",7e-18,"GCST90061435","ADHD"
"657","rs3795530-G","SGIP1",1e-10,"GCST90061435","ADHD"
"658","rs190891254-C","LINC02797",1e-16,"GCST90061435","ADHD"
"659","rs12245585-G","VTI1A",7e-09,"GCST90061435","ADHD"
"660","rs10885480-T","NRAP",1e-10,"GCST90061435","ADHD"
"661","rs3095122-A","HSPA12A",3e-12,"GCST90061435","ADHD"
"662","rs10787738-C","SHTN1",3e-19,"GCST90061435","ADHD"
"663","rs1555487-T","TACC2",3e-08,"GCST90061435","ADHD"
"664","rs1949434-C","CPXM2",3e-11,"GCST90061435","ADHD"
"665","rs10870287-C","STK32C",2e-13,"GCST90061435","ADHD"
"666","rs4757957-G","TEAD1",1e-09,"GCST90061435","ADHD"
"667","rs10766470-G","HPS5",2e-08,"GCST90061435","ADHD"
"668","rs11027983-G","LUZP2",8e-10,"GCST90061435","ADHD"
"669","rs704686-C","DCDC1",6e-09,"GCST90061435","ADHD"
"670","rs114861240-G","CCDC73",3e-08,"GCST90061435","ADHD"
"671","rs1462220-G","LRRC4C",3e-13,"GCST90061435","ADHD"
"672","rs7114842-A","HSD17B12",2e-08,"GCST90061435","ADHD"
"673","rs11038716-G","PHF21A",2e-08,"GCST90061435","ADHD"
"674","rs61884449-C","NRXN2",3e-09,"GCST90061435","ADHD"
"675","rs3743963-A","SULT1A2",2e-12,"GCST90061435","ADHD"
"676","rs55942317-G","ZNF423",5e-14,"GCST90061435","ADHD"
"677","rs4785187-G","ZNF423",1e-11,"GCST90061435","ADHD"
"678","rs59243311-G","CDH8",9e-10,"GCST90061435","ADHD"
"679","rs10852456-G","NFAT5",2e-15,"GCST90061435","ADHD"
"680","rs4448948-A","LINC01572",6e-19,"GCST90061435","ADHD"
"681","rs17618144-G","ZFHX3",1e-11,"GCST90061435","ADHD"
"682","rs55803708-C","ZFHX3",3e-08,"GCST90061435","ADHD"
"683","rs4888444-A","TERF2IP",6e-15,"GCST90061435","ADHD"
"684","rs78600318-A","CDH13",5e-10,"GCST90061435","ADHD"
"685","rs12924902-A","SPG7",1e-13,"GCST90061435","ADHD"
"686","rs4790874-C","SMG6",6e-17,"GCST90061435","ADHD"
"687","rs7218436-T","SGSM2",9e-12,"GCST90061435","ADHD"
"688","rs59816081-T","MINK1",2e-09,"GCST90061435","ADHD"
"689","rs1105916-C","PITPNM3",2e-08,"GCST90061435","ADHD"
"690","rs2746025-C","FLII",6e-09,"GCST90061435","ADHD"
"691","rs8614-C","NUFIP2",2e-10,"GCST90061435","ADHD"
"692","rs4132610-C","PSMD11",2e-10,"GCST90061435","ADHD"
"693","rs2258689-T","MAPT",2e-08,"GCST90061435","ADHD"
"694","rs10506677-G","KCNC2",3e-10,"GCST90061435","ADHD"
"695","rs9706217-T","MGAT4C",2e-08,"GCST90061435","ADHD"
"696","rs12579637-G","ANO4",2e-09,"GCST90061435","ADHD"
"697","rs368746845-G","PARPBP",6e-11,"GCST90061435","ADHD"
"698","rs10774625-A","ATXN2",1e-11,"GCST90061435","ADHD"
"699","rs879901-C","RBM19",2e-09,"GCST90061435","ADHD"
"700","rs1109480-G","CABP1",2e-13,"GCST90061435","ADHD"
"701","rs326391-C","TMEM132B",2e-08,"GCST90061435","ADHD"
"702","rs9574094-A","NBEA",1e-09,"GCST90061435","ADHD"
"703","rs303948-A","DACH1",2e-08,"GCST90061435","ADHD"
"704","rs61966940-A","HS6ST3",6e-13,"GCST90061435","ADHD"
"705","rs10898240-C","DLG2",4e-09,"GCST90061435","ADHD"
"706","rs11019106-G","DISC1FP1",6e-09,"GCST90061435","ADHD"
"707","rs590414-A","GRIA4",3e-10,"GCST90061435","ADHD"
"708","rs9919558-T","NCAM1",7e-59,"GCST90061435","ADHD"
"709","rs7126080-G","USP28",1e-11,"GCST90061435","ADHD"
"710","rs238899-T","ZBTB16",3e-10,"GCST90061435","ADHD"
"711","rs1106363-C","NTM",7e-09,"GCST90061435","ADHD"
"712","rs2010921-G","NTM",1e-11,"GCST90061435","ADHD"
"713","rs12273435-G","IGSF9B",1e-11,"GCST90061435","ADHD"
"714","rs7960282-G","PLEKHA5",2e-11,"GCST90061435","ADHD"
"715","rs11047209-G","SOX5",1e-12,"GCST90061435","ADHD"
"716","rs7969559-A","CPSF6",6e-09,"GCST90061435","ADHD"
"717","rs4760831-A","TRHDE",8e-10,"GCST90061435","ADHD"
"718","rs199510-A","WNT3",3e-10,"GCST90061435","ADHD"
"719","rs28397663-C","FLJ40194",2e-11,"GCST90061435","ADHD"
"720","rs75919030-T","CA10",5e-16,"GCST90061435","ADHD"
"721","rs9898605-G","HELZ",2e-09,"GCST90061435","ADHD"
"722","rs11079710-C","BPTF",6e-15,"GCST90061435","ADHD"
"723","rs4889891-C","CBX8",8e-14,"GCST90061435","ADHD"
"724","rs8074498-T","ASPSCR1",5e-11,"GCST90061435","ADHD"
"725","rs6506343-C","MIR3976HG",2e-09,"GCST90061435","ADHD"
"726","rs1662904-A","KIAA1328",1e-11,"GCST90061435","ADHD"
"727","rs8096225-A","MIR924HG",6e-15,"GCST90061435","ADHD"
"728","rs8090578-C","LINC00907",7e-12,"GCST90061435","ADHD"
"729","rs148544378-C","RIT2",1e-11,"GCST90061435","ADHD"
"730","rs12970816-G","DCC",3e-24,"GCST90061435","ADHD"
"731","rs8094435-A","DCC",6e-13,"GCST90061435","ADHD"
"732","rs62098012-C","DCC",7e-12,"GCST90061435","ADHD"
"733","rs72926932-A","TCF4",2e-14,"GCST90061435","ADHD"
"734","rs1895617-C","LINC01905",3e-18,"GCST90061435","ADHD"
"735","rs12902636-C","SEMA6D",9e-24,"GCST90061435","ADHD"
"736","rs74692183-C","HERC1",1e-10,"GCST90061435","ADHD"
"737","rs12914773-G","MAP2K5",3e-10,"GCST90061435","ADHD"
"738","rs72730718-C","LINGO1",4e-11,"GCST90061435","ADHD"
"739","rs7167767-G","ABHD17C",3e-10,"GCST90061435","ADHD"
"740","rs113930428-A","BNC1",9e-12,"GCST90061435","ADHD"
"741","rs4702-G","FURIN",1e-23,"GCST90061435","ADHD"
"742","rs11631953-A","NR2F2-AS1",1e-09,"GCST90061435","ADHD"
"743","rs12914977-C","IGF1R",4e-14,"GCST90061435","ADHD"
"744","rs1139897-G","RHOT2",7e-21,"GCST90061435","ADHD"
"745","rs17136317-T","ZNF75A",1e-08,"GCST90061435","ADHD"
"746","rs9936015-G","RBFOX1",3e-10,"GCST90061435","ADHD"
"747","rs4786809-C","RBFOX1",9e-09,"GCST90061435","ADHD"
"748","rs4494563-C","RBFOX1",2e-11,"GCST90061435","ADHD"
"749","rs7192140-T","GRIN2A",1e-09,"GCST90061435","ADHD"
"750","rs7188873-A","TNRC6A",5e-15,"GCST90061435","ADHD"
"751","rs2526384-C","SEMA3F-AS1",8e-23,"GCST90061435","ADHD"
"752","rs312480-T","CACNA1D",2e-10,"GCST90061435","ADHD"
"753","rs7649275-G","CACNA1D",3e-12,"GCST90061435","ADHD"
"754","rs61578424-G","CACNA2D3",1e-12,"GCST90061435","ADHD"
"755","rs12488237-T","ERC2",6e-09,"GCST90061435","ADHD"
"756","rs11720703-C","FOXP1",3e-27,"GCST90061435","ADHD"
"757","rs7426688-C","ROBO2",6e-12,"GCST90061435","ADHD"
"758","rs796529-A","ROBO2",2e-09,"GCST90061435","ADHD"
"759","rs993137-C","CADM2",5e-53,"GCST90061435","ADHD"
"760","rs4856605-G","CADM2",2e-30,"GCST90061435","ADHD"
"761","rs79269403-G","HHLA2",1e-15,"GCST90061435","ADHD"
"762","rs16855073-C","MORC1",2e-10,"GCST90061435","ADHD"
"763","rs2722033-C","ZBTB20",1e-08,"GCST90061435","ADHD"
"764","rs12660725-C","ASCC3",6e-19,"GCST90061435","ADHD"
"765","rs45582334-A","PTPRK",8e-10,"GCST90061435","ADHD"
"766","rs9402093-G","LAMA2",2e-12,"GCST90061435","ADHD"
"767","rs1358433-G","UTRN",3e-12,"GCST90061435","ADHD"
"768","rs12204714-C","ESR1",5e-11,"GCST90061435","ADHD"
"769","rs4870492-C","ARID1B",9e-11,"GCST90061435","ADHD"
"770","rs143465123-C","TULP4",8e-11,"GCST90061435","ADHD"
"771","rs7744868-A","WDR27",1e-09,"GCST90061435","ADHD"
"772","rs6460944-C","MAD1L1",2e-23,"GCST90061435","ADHD"
"773","rs4349886-C","SDK1",2e-26,"GCST90061435","ADHD"
"774","rs10237329-C","PDE1C",2e-10,"GCST90061435","ADHD"
"775","rs62449380-G","LINC01445",4e-10,"GCST90061435","ADHD"
"776","rs1164598-A","HS6ST3",4e-14,"GCST90061435","ADHD"
"777","rs9517908-G","CLYBL",6e-12,"GCST90061435","ADHD"
"778","rs9554664-C","PCCA-DT",4e-13,"GCST90061435","ADHD"
"779","rs11616731-A","GGACT",8e-11,"GCST90061435","ADHD"
"780","rs10148671-T","LINC02326",2e-10,"GCST90061435","ADHD"
"781","rs7146265-G","AKAP6",5e-10,"GCST90061435","ADHD"
"782","rs2933213-C","MDGA2",9e-12,"GCST90061435","ADHD"
"783","rs698015-C","OTX2",3e-09,"GCST90061435","ADHD"
"784","rs61991652-C","LINC02288",8e-12,"GCST90061435","ADHD"
"785","rs17594561-A","NRXN3",4e-08,"GCST90061435","ADHD"
"786","rs11848254-G","UNC79",8e-11,"GCST90061435","ADHD"
"787","rs9671376-C","TRAF3",9e-13,"GCST90061435","ADHD"
"788","rs373408008-G","NPAS3",4e-09,"GCST90061435","ADHD"
"789","rs1051861-C","ARID4A",2e-13,"GCST90061435","ADHD"
"790","rs7143268-A","GPR135",4e-08,"GCST90061435","ADHD"
"791","rs12907546-G","SEMA6D",1e-31,"GCST90061435","ADHD"
"792","rs11872397-G","ZNF407",1e-09,"GCST90061435","ADHD"
"793","rs7241572-G","KCNG2",1e-22,"GCST90061435","ADHD"
"794","rs2613765-G","KDM4B",6e-11,"GCST90061435","ADHD"
"795","rs34851357-T","LINC01837",6e-09,"GCST90061435","ADHD"
"796","rs112330399-G","SLC1A5",1e-08,"GCST90061435","ADHD"
"797","rs16987303-C","ZNF471",2e-08,"GCST90061435","ADHD"
"798","rs73104513-C","MACROD2",2e-09,"GCST90061435","ADHD"
"799","rs2424244-G","SLC24A3",2e-12,"GCST90061435","ADHD"
"800","rs73111240-G","NINL",5e-10,"GCST90061435","ADHD"
"801","rs67696533-G","NOL4L-DT",1e-11,"GCST90061435","ADHD"
"802","rs1787402-C","KCNJ6",3e-08,"GCST90061435","ADHD"
"803","rs5752764-C","TTC28",2e-08,"GCST90061435","ADHD"
"804","rs6002676-A","TCF20",6e-18,"GCST90061435","ADHD"
"805","rs117023465-G","TAFA5",1e-08,"GCST90061435","ADHD"
"806","rs7519251-A","LINC02797",6e-11,"GCST012088","ADHD"
"807","rs77902252-T","VRK2",4e-08,"GCST012088","ADHD"
"808","rs11599236-T","SORCS3",6e-10,"GCST012088","ADHD"
"809","rs11599313-T","SORCS3",4e-09,"GCST012088","ADHD"
"810","rs1021363-A","SORCS3",4e-12,"GCST012088","ADHD"
"811","rs11192230-A","SORCS3",3e-11,"GCST012088","ADHD"
"812","rs4702-A","FURIN",5e-09,"GCST012088","ADHD"
"813","rs4632195-T","DCC",4e-10,"GCST012088","ADHD"
"814","rs10164055-T","DCC",2e-08,"GCST012088","ADHD"
"815","rs12967143-C","TCF4",9e-10,"GCST012088","ADHD"
"816","rs7241572-A","KCNG2",7e-09,"GCST012088","ADHD"
"817","rs1107592-A","MAD1L1",5e-06,"GCST001877","ADHD"
"818","rs9297357-T","ZFPM2",4e-07,"GCST001877","ADHD"
"819","rs8058295-A","GRIN2A",7e-06,"GCST001877","ADHD"
"820","rs11152369-A","TCF4",2e-07,"GCST001877","ADHD"
"821","rs174592-?","FADS2",6e-09,"GCST009600","ADHD"
"822","rs760648-?","TCF20",1e-08,"GCST009600","ADHD"
"823","rs1730054-?","RSRC1",6e-10,"GCST009600","ADHD"
"824","rs4702-?","FURIN",2e-11,"GCST009600","ADHD"
"825","rs2098651-?","TENM2",7e-09,"GCST009600","ADHD"
"826","rs247910-?","TMEM161B-DT",3e-09,"GCST009600","ADHD"
"827","rs2300861-?","AKAP6",8e-09,"GCST009600","ADHD"
"828","rs2801578-?","PDE4B",3e-08,"GCST009600","ADHD"
"829","rs2910032-?","LINC01470",4e-08,"GCST009600","ADHD"
"830","rs3001723-?","PTPRF",7e-14,"GCST009600","ADHD"
"831","rs7968921-?","SOX5",5e-08,"GCST009600","ADHD"
"832","rs8084351-?","DCC",4e-12,"GCST009600","ADHD"
"833","rs9636107-?","TCF4",3e-10,"GCST009600","ADHD"
"834","rs9787523-?","SORCS3",4e-10,"GCST009600","ADHD"
"835","rs9922678-?","GRIN2A",3e-10,"GCST009600","ADHD"
"836","rs10514301-?","LINC00461",2e-09,"GCST009600","ADHD"
"837","rs4916723-?","LINC00461",2e-09,"GCST009600","ADHD"
"838","rs6471814-?","ZFPM2",2e-08,"GCST009600","ADHD"
"839","rs7193263-?","RBFOX1",6e-11,"GCST009600","ADHD"
"840","rs11887562-?","LINC01830",3e-08,"GCST009600","ADHD"
"841","rs12668848-?","MAD1L1",1e-13,"GCST009600","ADHD"
"842","rs13240464-?","IMMP2L",6e-11,"GCST009600","ADHD"
"843","rs36063234-?","NPAS3",5e-10,"GCST009600","ADHD"
"844","rs61867293-?","SORCS3",8e-15,"GCST009600","ADHD"
"845","rs75059851-?","IGSF9B",6e-10,"GCST009600","ADHD"
"846","rs78337797-?","SOX5",5e-08,"GCST009600","ADHD"
"847","rs111294930-?","LINC01470",3e-10,"GCST009600","ADHD"
